"Name","Value"
"Schedule Name","Habituation and Conditioning_barpress_VI60   "
"Version","N/A"
"Environment","Test [1]"
"Machine Name","EPHYS-1-PC"
"Date/Time","11/19/2018 09:18:28"
"Database","*DEFAULT"
"Schedule Run ID","197"
"Finalized","No"
"Record Count","1050"
"Animal ID","FR5"
"Application_Version","ABET II Standard 2.18.5274.13905"
"Group ID","Hab+Con"
"Max_Number_Trials","0"
"Max_Schedule_Time","2550"
"Schedule_Description","VI Schedule of Reinforcement"
"Schedule_Start_Time","2018-11-19T09:18:28.526"
"User","Rebecca"
"Evnt_Time","Evnt_ID","Evnt_Name","Item_Name","Alias_Name","Group_ID","Num_Args","Arg1_Name","Arg1_Value","Arg2_Name","Arg2_Value","Arg3_Name","Arg3_Value","Arg4_Name","Arg4_Value","Arg5_Name","Arg5_Value"
"0","16","Variable Event","ITI_Value","","0","1","Value","0",,,,,,,,
"0","16","Variable Event","VI_Value","","0","1","Value","0",,,,,,,,
"0.008","16","Variable Event","ITI_Value","","1","1","Value","221",,,,,,,,
"0.008","16","Variable Event","VI_Value","","1","1","Value","66",,,,,,,,
"49.346","38","Input Transition On Event","Right_Lever_Down1 #1","","2","0",,,,,,,,,,
"49.677","39","Input Transition Off Event","Right_Lever_Down1 #1","","2","0",,,,,,,,,,
"49.94","38","Input Transition On Event","Right_Lever_Down1 #1","","2","0",,,,,,,,,,
"50.271","39","Input Transition Off Event","Right_Lever_Down1 #1","","2","0",,,,,,,,,,
"60.633","38","Input Transition On Event","Right_Lever_Down1 #1","","2","0",,,,,,,,,,
"60.898","39","Input Transition Off Event","Right_Lever_Down1 #1","","2","0",,,,,,,,,,
"65.452","38","Input Transition On Event","Right_Lever_Down1 #1","","2","0",,,,,,,,,,
"65.849","39","Input Transition Off Event","Right_Lever_Down1 #1","","2","0",,,,,,,,,,
"67.762","38","Input Transition On Event","Right_Lever_Down1 #1","","2","0",,,,,,,,,,
"67.762","7","Pulse Output Event","Pellet_Release #1","","2","1","Duration","0.05",,,,,,,,
"67.762","16","Variable Event","VI_Value","","2","1","Value","32",,,,,,,,
"68.159","39","Input Transition Off Event","Right_Lever_Down1 #1","","2","0",,,,,,,,,,
"78.125","38","Input Transition On Event","Right_Lever_Down1 #1","","2","0",,,,,,,,,,
"78.192","39","Input Transition Off Event","Right_Lever_Down1 #1","","2","0",,,,,,,,,,
"79.973","38","Input Transition On Event","Right_Lever_Down1 #1","","2","0",,,,,,,,,,
"80.37","39","Input Transition Off Event","Right_Lever_Down1 #1","","2","0",,,,,,,,,,
"80.501","38","Input Transition On Event","Right_Lever_Down1 #1","","2","0",,,,,,,,,,
"80.766","39","Input Transition Off Event","Right_Lever_Down1 #1","","2","0",,,,,,,,,,
"85.65","38","Input Transition On Event","Right_Lever_Down1 #1","","2","0",,,,,,,,,,
"85.981","39","Input Transition Off Event","Right_Lever_Down1 #1","","2","0",,,,,,,,,,
"86.838","38","Input Transition On Event","Right_Lever_Down1 #1","","2","0",,,,,,,,,,
"87.169","39","Input Transition Off Event","Right_Lever_Down1 #1","","2","0",,,,,,,,,,
"92.316","38","Input Transition On Event","Right_Lever_Down1 #1","","2","0",,,,,,,,,,
"92.845","39","Input Transition Off Event","Right_Lever_Down1 #1","","2","0",,,,,,,,,,
"98.917","38","Input Transition On Event","Right_Lever_Down1 #1","","2","0",,,,,,,,,,
"99.247","39","Input Transition Off Event","Right_Lever_Down1 #1","","2","0",,,,,,,,,,
"105.121","38","Input Transition On Event","Right_Lever_Down1 #1","","2","0",,,,,,,,,,
"105.121","7","Pulse Output Event","Pellet_Release #1","","2","1","Duration","0.05",,,,,,,,
"105.121","16","Variable Event","VI_Value","","2","1","Value","65",,,,,,,,
"105.386","39","Input Transition Off Event","Right_Lever_Down1 #1","","2","0",,,,,,,,,,
"110.928","38","Input Transition On Event","Right_Lever_Down1 #1","","2","0",,,,,,,,,,
"111.391","39","Input Transition Off Event","Right_Lever_Down1 #1","","2","0",,,,,,,,,,
"113.502","38","Input Transition On Event","Right_Lever_Down1 #1","","2","0",,,,,,,,,,
"113.833","39","Input Transition Off Event","Right_Lever_Down1 #1","","2","0",,,,,,,,,,
"127.362","38","Input Transition On Event","Right_Lever_Down1 #1","","2","0",,,,,,,,,,
"127.627","39","Input Transition Off Event","Right_Lever_Down1 #1","","2","0",,,,,,,,,,
"128.682","38","Input Transition On Event","Right_Lever_Down1 #1","","2","0",,,,,,,,,,
"129.144","39","Input Transition Off Event","Right_Lever_Down1 #1","","2","0",,,,,,,,,,
"132.245","38","Input Transition On Event","Right_Lever_Down1 #1","","2","0",,,,,,,,,,
"132.774","39","Input Transition Off Event","Right_Lever_Down1 #1","","2","0",,,,,,,,,,
"142.739","38","Input Transition On Event","Right_Lever_Down1 #1","","2","0",,,,,,,,,,
"143.004","39","Input Transition Off Event","Right_Lever_Down1 #1","","2","0",,,,,,,,,,
"145.049","38","Input Transition On Event","Right_Lever_Down1 #1","","2","0",,,,,,,,,,
"145.512","39","Input Transition Off Event","Right_Lever_Down1 #1","","2","0",,,,,,,,,,
"151.517","38","Input Transition On Event","Right_Lever_Down1 #1","","2","0",,,,,,,,,,
"151.716","39","Input Transition Off Event","Right_Lever_Down1 #1","","2","0",,,,,,,,,,
"153.827","38","Input Transition On Event","Right_Lever_Down1 #1","","2","0",,,,,,,,,,
"154.29","39","Input Transition Off Event","Right_Lever_Down1 #1","","2","0",,,,,,,,,,
"154.553","38","Input Transition On Event","Right_Lever_Down1 #1","","2","0",,,,,,,,,,
"154.752","39","Input Transition Off Event","Right_Lever_Down1 #1","","2","0",,,,,,,,,,
"159.107","38","Input Transition On Event","Right_Lever_Down1 #1","","2","0",,,,,,,,,,
"159.503","39","Input Transition Off Event","Right_Lever_Down1 #1","","2","0",,,,,,,,,,
"166.498","38","Input Transition On Event","Right_Lever_Down1 #1","","2","0",,,,,,,,,,
"166.829","39","Input Transition Off Event","Right_Lever_Down1 #1","","2","0",,,,,,,,,,
"170.458","38","Input Transition On Event","Right_Lever_Down1 #1","","2","0",,,,,,,,,,
"170.458","7","Pulse Output Event","Pellet_Release #1","","2","1","Duration","0.05",,,,,,,,
"170.458","16","Variable Event","VI_Value","","2","1","Value","63",,,,,,,,
"170.789","39","Input Transition Off Event","Right_Lever_Down1 #1","","2","0",,,,,,,,,,
"175.078","38","Input Transition On Event","Right_Lever_Down1 #1","","2","0",,,,,,,,,,
"175.475","39","Input Transition Off Event","Right_Lever_Down1 #1","","2","0",,,,,,,,,,
"183.79","38","Input Transition On Event","Right_Lever_Down1 #1","","2","0",,,,,,,,,,
"184.252","39","Input Transition Off Event","Right_Lever_Down1 #1","","2","0",,,,,,,,,,
"189.729","38","Input Transition On Event","Right_Lever_Down1 #1","","2","0",,,,,,,,,,
"190.522","39","Input Transition Off Event","Right_Lever_Down1 #1","","2","0",,,,,,,,,,
"193.359","38","Input Transition On Event","Right_Lever_Down1 #1","","2","0",,,,,,,,,,
"193.755","39","Input Transition Off Event","Right_Lever_Down1 #1","","2","0",,,,,,,,,,
"196.328","38","Input Transition On Event","Right_Lever_Down1 #1","","2","0",,,,,,,,,,
"196.791","39","Input Transition Off Event","Right_Lever_Down1 #1","","2","0",,,,,,,,,,
"221.008","1","Condition Event","Tone CS","","2","0",,,,,,,,,,
"251.008","1","Condition Event","Tone off_Hab","","2","0",,,,,,,,,,
"251.008","16","Variable Event","ITI_Value","","2","1","Value","180",,,,,,,,
"423.539","38","Input Transition On Event","Right_Lever_Down1 #1","","2","0",,,,,,,,,,
"423.539","7","Pulse Output Event","Pellet_Release #1","","2","1","Duration","0.05",,,,,,,,
"423.539","16","Variable Event","VI_Value","","2","1","Value","71",,,,,,,,
"423.606","39","Input Transition Off Event","Right_Lever_Down1 #1","","2","0",,,,,,,,,,
"431.008","1","Condition Event","Tone CS","","2","0",,,,,,,,,,
"449.207","38","Input Transition On Event","Right_Lever_Down1 #1","","2","0",,,,,,,,,,
"449.736","39","Input Transition Off Event","Right_Lever_Down1 #1","","2","0",,,,,,,,,,
"461.008","1","Condition Event","Tone off_Hab","","2","0",,,,,,,,,,
"461.008","16","Variable Event","ITI_Value","","2","1","Value","65",,,,,,,,
"464.45","38","Input Transition On Event","Right_Lever_Down1 #1","","2","0",,,,,,,,,,
"465.111","39","Input Transition Off Event","Right_Lever_Down1 #1","","2","0",,,,,,,,,,
"471.709","38","Input Transition On Event","Right_Lever_Down1 #1","","2","0",,,,,,,,,,
"472.435","39","Input Transition Off Event","Right_Lever_Down1 #1","","2","0",,,,,,,,,,
"475.733","38","Input Transition On Event","Right_Lever_Down1 #1","","2","0",,,,,,,,,,
"476.328","39","Input Transition Off Event","Right_Lever_Down1 #1","","2","0",,,,,,,,,,
"480.484","38","Input Transition On Event","Right_Lever_Down1 #1","","2","0",,,,,,,,,,
"480.749","39","Input Transition Off Event","Right_Lever_Down1 #1","","2","0",,,,,,,,,,
"485.169","38","Input Transition On Event","Right_Lever_Down1 #1","","2","0",,,,,,,,,,
"485.631","39","Input Transition Off Event","Right_Lever_Down1 #1","","2","0",,,,,,,,,,
"488.534","38","Input Transition On Event","Right_Lever_Down1 #1","","2","0",,,,,,,,,,
"488.798","39","Input Transition Off Event","Right_Lever_Down1 #1","","2","0",,,,,,,,,,
"489.325","38","Input Transition On Event","Right_Lever_Down1 #1","","2","0",,,,,,,,,,
"489.854","39","Input Transition Off Event","Right_Lever_Down1 #1","","2","0",,,,,,,,,,
"492.426","38","Input Transition On Event","Right_Lever_Down1 #1","","2","0",,,,,,,,,,
"493.35","39","Input Transition Off Event","Right_Lever_Down1 #1","","2","0",,,,,,,,,,
"495.791","38","Input Transition On Event","Right_Lever_Down1 #1","","2","0",,,,,,,,,,
"495.791","7","Pulse Output Event","Pellet_Release #1","","2","1","Duration","0.05",,,,,,,,
"495.791","16","Variable Event","VI_Value","","2","1","Value","56",,,,,,,,
"496.121","39","Input Transition Off Event","Right_Lever_Down1 #1","","2","0",,,,,,,,,,
"504.435","38","Input Transition On Event","Right_Lever_Down1 #1","","2","0",,,,,,,,,,
"505.161","39","Input Transition Off Event","Right_Lever_Down1 #1","","2","0",,,,,,,,,,
"508.261","38","Input Transition On Event","Right_Lever_Down1 #1","","2","0",,,,,,,,,,
"508.856","39","Input Transition Off Event","Right_Lever_Down1 #1","","2","0",,,,,,,,,,
"511.626","38","Input Transition On Event","Right_Lever_Down1 #1","","2","0",,,,,,,,,,
"512.221","39","Input Transition Off Event","Right_Lever_Down1 #1","","2","0",,,,,,,,,,
"515.123","38","Input Transition On Event","Right_Lever_Down1 #1","","2","0",,,,,,,,,,
"515.652","39","Input Transition Off Event","Right_Lever_Down1 #1","","2","0",,,,,,,,,,
"516.113","38","Input Transition On Event","Right_Lever_Down1 #1","","2","0",,,,,,,,,,
"516.312","39","Input Transition Off Event","Right_Lever_Down1 #1","","2","0",,,,,,,,,,
"518.95","38","Input Transition On Event","Right_Lever_Down1 #1","","2","0",,,,,,,,,,
"519.676","39","Input Transition Off Event","Right_Lever_Down1 #1","","2","0",,,,,,,,,,
"520.533","38","Input Transition On Event","Right_Lever_Down1 #1","","2","0",,,,,,,,,,
"520.93","39","Input Transition Off Event","Right_Lever_Down1 #1","","2","0",,,,,,,,,,
"526.008","1","Condition Event","Tone CS","","2","0",,,,,,,,,,
"527.329","38","Input Transition On Event","Right_Lever_Down1 #1","","2","0",,,,,,,,,,
"527.792","39","Input Transition Off Event","Right_Lever_Down1 #1","","2","0",,,,,,,,,,
"529.968","38","Input Transition On Event","Right_Lever_Down1 #1","","2","0",,,,,,,,,,
"530.431","39","Input Transition Off Event","Right_Lever_Down1 #1","","2","0",,,,,,,,,,
"532.673","38","Input Transition On Event","Right_Lever_Down1 #1","","2","0",,,,,,,,,,
"533.202","39","Input Transition Off Event","Right_Lever_Down1 #1","","2","0",,,,,,,,,,
"540.789","38","Input Transition On Event","Right_Lever_Down1 #1","","2","0",,,,,,,,,,
"541.318","39","Input Transition Off Event","Right_Lever_Down1 #1","","2","0",,,,,,,,,,
"542.373","38","Input Transition On Event","Right_Lever_Down1 #1","","2","0",,,,,,,,,,
"542.967","39","Input Transition Off Event","Right_Lever_Down1 #1","","2","0",,,,,,,,,,
"544.682","38","Input Transition On Event","Right_Lever_Down1 #1","","2","0",,,,,,,,,,
"545.276","39","Input Transition Off Event","Right_Lever_Down1 #1","","2","0",,,,,,,,,,
"546.463","38","Input Transition On Event","Right_Lever_Down1 #1","","2","0",,,,,,,,,,
"546.728","39","Input Transition Off Event","Right_Lever_Down1 #1","","2","0",,,,,,,,,,
"550.752","38","Input Transition On Event","Right_Lever_Down1 #1","","2","0",,,,,,,,,,
"551.083","39","Input Transition Off Event","Right_Lever_Down1 #1","","2","0",,,,,,,,,,
"556.008","1","Condition Event","Tone off_Hab","","2","0",,,,,,,,,,
"556.008","16","Variable Event","ITI_Value","","2","1","Value","214",,,,,,,,
"556.097","38","Input Transition On Event","Right_Lever_Down1 #1","","2","0",,,,,,,,,,
"556.097","7","Pulse Output Event","Pellet_Release #1","","2","1","Duration","0.05",,,,,,,,
"556.097","16","Variable Event","VI_Value","","2","1","Value","69",,,,,,,,
"556.493","39","Input Transition Off Event","Right_Lever_Down1 #1","","2","0",,,,,,,,,,
"562.431","38","Input Transition On Event","Right_Lever_Down1 #1","","2","0",,,,,,,,,,
"563.026","39","Input Transition Off Event","Right_Lever_Down1 #1","","2","0",,,,,,,,,,
"563.553","38","Input Transition On Event","Right_Lever_Down1 #1","","2","0",,,,,,,,,,
"563.62","39","Input Transition Off Event","Right_Lever_Down1 #1","","2","0",,,,,,,,,,
"564.212","38","Input Transition On Event","Right_Lever_Down1 #1","","2","0",,,,,,,,,,
"564.28","39","Input Transition Off Event","Right_Lever_Down1 #1","","2","0",,,,,,,,,,
"569.294","38","Input Transition On Event","Right_Lever_Down1 #1","","2","0",,,,,,,,,,
"569.954","39","Input Transition Off Event","Right_Lever_Down1 #1","","2","0",,,,,,,,,,
"571.867","38","Input Transition On Event","Right_Lever_Down1 #1","","2","0",,,,,,,,,,
"572.263","39","Input Transition Off Event","Right_Lever_Down1 #1","","2","0",,,,,,,,,,
"578.861","38","Input Transition On Event","Right_Lever_Down1 #1","","2","0",,,,,,,,,,
"579.389","39","Input Transition Off Event","Right_Lever_Down1 #1","","2","0",,,,,,,,,,
"584.403","38","Input Transition On Event","Right_Lever_Down1 #1","","2","0",,,,,,,,,,
"584.932","39","Input Transition Off Event","Right_Lever_Down1 #1","","2","0",,,,,,,,,,
"588.362","38","Input Transition On Event","Right_Lever_Down1 #1","","2","0",,,,,,,,,,
"588.891","39","Input Transition Off Event","Right_Lever_Down1 #1","","2","0",,,,,,,,,,
"591.331","38","Input Transition On Event","Right_Lever_Down1 #1","","2","0",,,,,,,,,,
"591.728","39","Input Transition Off Event","Right_Lever_Down1 #1","","2","0",,,,,,,,,,
"593.97","38","Input Transition On Event","Right_Lever_Down1 #1","","2","0",,,,,,,,,,
"594.367","39","Input Transition Off Event","Right_Lever_Down1 #1","","2","0",,,,,,,,,,
"597.863","38","Input Transition On Event","Right_Lever_Down1 #1","","2","0",,,,,,,,,,
"598.391","39","Input Transition Off Event","Right_Lever_Down1 #1","","2","0",,,,,,,,,,
"599.38","38","Input Transition On Event","Right_Lever_Down1 #1","","2","0",,,,,,,,,,
"599.843","39","Input Transition Off Event","Right_Lever_Down1 #1","","2","0",,,,,,,,,,
"602.943","38","Input Transition On Event","Right_Lever_Down1 #1","","2","0",,,,,,,,,,
"603.537","39","Input Transition Off Event","Right_Lever_Down1 #1","","2","0",,,,,,,,,,
"605.582","38","Input Transition On Event","Right_Lever_Down1 #1","","2","0",,,,,,,,,,
"606.044","39","Input Transition Off Event","Right_Lever_Down1 #1","","2","0",,,,,,,,,,
"608.947","38","Input Transition On Event","Right_Lever_Down1 #1","","2","0",,,,,,,,,,
"609.343","39","Input Transition Off Event","Right_Lever_Down1 #1","","2","0",,,,,,,,,,
"609.54","38","Input Transition On Event","Right_Lever_Down1 #1","","2","0",,,,,,,,,,
"609.673","39","Input Transition Off Event","Right_Lever_Down1 #1","","2","0",,,,,,,,,,
"613.565","38","Input Transition On Event","Right_Lever_Down1 #1","","2","0",,,,,,,,,,
"614.226","39","Input Transition Off Event","Right_Lever_Down1 #1","","2","0",,,,,,,,,,
"616.27","38","Input Transition On Event","Right_Lever_Down1 #1","","2","0",,,,,,,,,,
"616.733","39","Input Transition Off Event","Right_Lever_Down1 #1","","2","0",,,,,,,,,,
"620.361","38","Input Transition On Event","Right_Lever_Down1 #1","","2","0",,,,,,,,,,
"620.758","39","Input Transition Off Event","Right_Lever_Down1 #1","","2","0",,,,,,,,,,
"625.31","38","Input Transition On Event","Right_Lever_Down1 #1","","2","0",,,,,,,,,,
"625.31","7","Pulse Output Event","Pellet_Release #1","","2","1","Duration","0.05",,,,,,,,
"625.31","16","Variable Event","VI_Value","","2","1","Value","41",,,,,,,,
"625.64","39","Input Transition Off Event","Right_Lever_Down1 #1","","2","0",,,,,,,,,,
"632.832","38","Input Transition On Event","Right_Lever_Down1 #1","","2","0",,,,,,,,,,
"633.427","39","Input Transition Off Event","Right_Lever_Down1 #1","","2","0",,,,,,,,,,
"640.552","38","Input Transition On Event","Right_Lever_Down1 #1","","2","0",,,,,,,,,,
"640.949","39","Input Transition Off Event","Right_Lever_Down1 #1","","2","0",,,,,,,,,,
"642.861","38","Input Transition On Event","Right_Lever_Down1 #1","","2","0",,,,,,,,,,
"643.588","39","Input Transition Off Event","Right_Lever_Down1 #1","","2","0",,,,,,,,,,
"651.77","38","Input Transition On Event","Right_Lever_Down1 #1","","2","0",,,,,,,,,,
"652.364","39","Input Transition Off Event","Right_Lever_Down1 #1","","2","0",,,,,,,,,,
"656.19","38","Input Transition On Event","Right_Lever_Down1 #1","","2","0",,,,,,,,,,
"656.785","39","Input Transition Off Event","Right_Lever_Down1 #1","","2","0",,,,,,,,,,
"657.576","38","Input Transition On Event","Right_Lever_Down1 #1","","2","0",,,,,,,,,,
"659.687","39","Input Transition Off Event","Right_Lever_Down1 #1","","2","0",,,,,,,,,,
"663.975","38","Input Transition On Event","Right_Lever_Down1 #1","","2","0",,,,,,,,,,
"664.372","39","Input Transition Off Event","Right_Lever_Down1 #1","","2","0",,,,,,,,,,
"666.482","38","Input Transition On Event","Right_Lever_Down1 #1","","2","0",,,,,,,,,,
"666.482","7","Pulse Output Event","Pellet_Release #1","","2","1","Duration","0.05",,,,,,,,
"666.482","16","Variable Event","VI_Value","","2","1","Value","23",,,,,,,,
"666.813","39","Input Transition Off Event","Right_Lever_Down1 #1","","2","0",,,,,,,,,,
"674.598","38","Input Transition On Event","Right_Lever_Down1 #1","","2","0",,,,,,,,,,
"675.193","39","Input Transition Off Event","Right_Lever_Down1 #1","","2","0",,,,,,,,,,
"677.501","38","Input Transition On Event","Right_Lever_Down1 #1","","2","0",,,,,,,,,,
"677.898","39","Input Transition Off Event","Right_Lever_Down1 #1","","2","0",,,,,,,,,,
"684.496","38","Input Transition On Event","Right_Lever_Down1 #1","","2","0",,,,,,,,,,
"685.09","39","Input Transition Off Event","Right_Lever_Down1 #1","","2","0",,,,,,,,,,
"689.906","38","Input Transition On Event","Right_Lever_Down1 #1","","2","0",,,,,,,,,,
"689.906","7","Pulse Output Event","Pellet_Release #1","","2","1","Duration","0.05",,,,,,,,
"689.906","16","Variable Event","VI_Value","","2","1","Value","71",,,,,,,,
"690.237","39","Input Transition Off Event","Right_Lever_Down1 #1","","2","0",,,,,,,,,,
"695.119","38","Input Transition On Event","Right_Lever_Down1 #1","","2","0",,,,,,,,,,
"695.779","39","Input Transition Off Event","Right_Lever_Down1 #1","","2","0",,,,,,,,,,
"696.438","38","Input Transition On Event","Right_Lever_Down1 #1","","2","0",,,,,,,,,,
"697.099","39","Input Transition Off Event","Right_Lever_Down1 #1","","2","0",,,,,,,,,,
"697.361","38","Input Transition On Event","Right_Lever_Down1 #1","","2","0",,,,,,,,,,
"698.022","39","Input Transition Off Event","Right_Lever_Down1 #1","","2","0",,,,,,,,,,
"699.472","38","Input Transition On Event","Right_Lever_Down1 #1","","2","0",,,,,,,,,,
"700.001","39","Input Transition Off Event","Right_Lever_Down1 #1","","2","0",,,,,,,,,,
"706.731","38","Input Transition On Event","Right_Lever_Down1 #1","","2","0",,,,,,,,,,
"707.193","39","Input Transition Off Event","Right_Lever_Down1 #1","","2","0",,,,,,,,,,
"707.72","38","Input Transition On Event","Right_Lever_Down1 #1","","2","0",,,,,,,,,,
"708.315","39","Input Transition Off Event","Right_Lever_Down1 #1","","2","0",,,,,,,,,,
"711.613","38","Input Transition On Event","Right_Lever_Down1 #1","","2","0",,,,,,,,,,
"712.076","39","Input Transition Off Event","Right_Lever_Down1 #1","","2","0",,,,,,,,,,
"715.44","38","Input Transition On Event","Right_Lever_Down1 #1","","2","0",,,,,,,,,,
"715.903","39","Input Transition Off Event","Right_Lever_Down1 #1","","2","0",,,,,,,,,,
"719.333","38","Input Transition On Event","Right_Lever_Down1 #1","","2","0",,,,,,,,,,
"719.861","39","Input Transition Off Event","Right_Lever_Down1 #1","","2","0",,,,,,,,,,
"721.642","38","Input Transition On Event","Right_Lever_Down1 #1","","2","0",,,,,,,,,,
"723.094","39","Input Transition Off Event","Right_Lever_Down1 #1","","2","0",,,,,,,,,,
"724.676","38","Input Transition On Event","Right_Lever_Down1 #1","","2","0",,,,,,,,,,
"725.337","39","Input Transition Off Event","Right_Lever_Down1 #1","","2","0",,,,,,,,,,
"726.259","38","Input Transition On Event","Right_Lever_Down1 #1","","2","0",,,,,,,,,,
"726.59","39","Input Transition Off Event","Right_Lever_Down1 #1","","2","0",,,,,,,,,,
"726.721","38","Input Transition On Event","Right_Lever_Down1 #1","","2","0",,,,,,,,,,
"727.381","39","Input Transition Off Event","Right_Lever_Down1 #1","","2","0",,,,,,,,,,
"730.614","38","Input Transition On Event","Right_Lever_Down1 #1","","2","0",,,,,,,,,,
"731.274","39","Input Transition Off Event","Right_Lever_Down1 #1","","2","0",,,,,,,,,,
"733.715","38","Input Transition On Event","Right_Lever_Down1 #1","","2","0",,,,,,,,,,
"734.177","39","Input Transition Off Event","Right_Lever_Down1 #1","","2","0",,,,,,,,,,
"738.267","38","Input Transition On Event","Right_Lever_Down1 #1","","2","0",,,,,,,,,,
"739.191","39","Input Transition Off Event","Right_Lever_Down1 #1","","2","0",,,,,,,,,,
"739.322","38","Input Transition On Event","Right_Lever_Down1 #1","","2","0",,,,,,,,,,
"740.18","39","Input Transition Off Event","Right_Lever_Down1 #1","","2","0",,,,,,,,,,
"742.423","38","Input Transition On Event","Right_Lever_Down1 #1","","2","0",,,,,,,,,,
"743.017","39","Input Transition Off Event","Right_Lever_Down1 #1","","2","0",,,,,,,,,,
"743.808","38","Input Transition On Event","Right_Lever_Down1 #1","","2","0",,,,,,,,,,
"744.337","39","Input Transition Off Event","Right_Lever_Down1 #1","","2","0",,,,,,,,,,
"746.315","38","Input Transition On Event","Right_Lever_Down1 #1","","2","0",,,,,,,,,,
"746.778","39","Input Transition Off Event","Right_Lever_Down1 #1","","2","0",,,,,,,,,,
"748.558","38","Input Transition On Event","Right_Lever_Down1 #1","","2","0",,,,,,,,,,
"748.955","39","Input Transition Off Event","Right_Lever_Down1 #1","","2","0",,,,,,,,,,
"751.264","38","Input Transition On Event","Right_Lever_Down1 #1","","2","0",,,,,,,,,,
"751.726","39","Input Transition Off Event","Right_Lever_Down1 #1","","2","0",,,,,,,,,,
"754.695","38","Input Transition On Event","Right_Lever_Down1 #1","","2","0",,,,,,,,,,
"755.421","39","Input Transition Off Event","Right_Lever_Down1 #1","","2","0",,,,,,,,,,
"762.217","38","Input Transition On Event","Right_Lever_Down1 #1","","2","0",,,,,,,,,,
"762.217","7","Pulse Output Event","Pellet_Release #1","","2","1","Duration","0.05",,,,,,,,
"762.217","16","Variable Event","VI_Value","","2","1","Value","85",,,,,,,,
"762.481","39","Input Transition Off Event","Right_Lever_Down1 #1","","2","0",,,,,,,,,,
"769.013","38","Input Transition On Event","Right_Lever_Down1 #1","","2","0",,,,,,,,,,
"769.739","39","Input Transition Off Event","Right_Lever_Down1 #1","","2","0",,,,,,,,,,
"769.936","38","Input Transition On Event","Right_Lever_Down1 #1","","2","0",,,,,,,,,,
"770.008","1","Condition Event","Tone CS","","2","0",,,,,,,,,,
"771.297","39","Input Transition Off Event","Right_Lever_Down1 #1","","2","0",,,,,,,,,,
"774.224","38","Input Transition On Event","Right_Lever_Down1 #1","","2","0",,,,,,,,,,
"774.687","39","Input Transition Off Event","Right_Lever_Down1 #1","","2","0",,,,,,,,,,
"778.381","38","Input Transition On Event","Right_Lever_Down1 #1","","2","0",,,,,,,,,,
"778.844","39","Input Transition Off Event","Right_Lever_Down1 #1","","2","0",,,,,,,,,,
"781.35","38","Input Transition On Event","Right_Lever_Down1 #1","","2","0",,,,,,,,,,
"781.747","39","Input Transition Off Event","Right_Lever_Down1 #1","","2","0",,,,,,,,,,
"791.512","38","Input Transition On Event","Right_Lever_Down1 #1","","2","0",,,,,,,,,,
"792.041","39","Input Transition Off Event","Right_Lever_Down1 #1","","2","0",,,,,,,,,,
"797.121","38","Input Transition On Event","Right_Lever_Down1 #1","","2","0",,,,,,,,,,
"797.848","39","Input Transition Off Event","Right_Lever_Down1 #1","","2","0",,,,,,,,,,
"799.628","38","Input Transition On Event","Right_Lever_Down1 #1","","2","0",,,,,,,,,,
"800.008","1","Condition Event","Tone off_Hab","","2","0",,,,,,,,,,
"800.008","16","Variable Event","ITI_Value","","2","1","Value","220",,,,,,,,
"800.157","39","Input Transition Off Event","Right_Lever_Down1 #1","","2","0",,,,,,,,,,
"801.146","38","Input Transition On Event","Right_Lever_Down1 #1","","2","0",,,,,,,,,,
"801.41","39","Input Transition Off Event","Right_Lever_Down1 #1","","2","0",,,,,,,,,,
"801.541","38","Input Transition On Event","Right_Lever_Down1 #1","","2","0",,,,,,,,,,
"801.608","39","Input Transition Off Event","Right_Lever_Down1 #1","","2","0",,,,,,,,,,
"803.719","38","Input Transition On Event","Right_Lever_Down1 #1","","2","0",,,,,,,,,,
"804.248","39","Input Transition Off Event","Right_Lever_Down1 #1","","2","0",,,,,,,,,,
"805.566","38","Input Transition On Event","Right_Lever_Down1 #1","","2","0",,,,,,,,,,
"805.831","39","Input Transition Off Event","Right_Lever_Down1 #1","","2","0",,,,,,,,,,
"807.48","38","Input Transition On Event","Right_Lever_Down1 #1","","2","0",,,,,,,,,,
"808.206","39","Input Transition Off Event","Right_Lever_Down1 #1","","2","0",,,,,,,,,,
"811.373","38","Input Transition On Event","Right_Lever_Down1 #1","","2","0",,,,,,,,,,
"811.967","39","Input Transition Off Event","Right_Lever_Down1 #1","","2","0",,,,,,,,,,
"813.55","38","Input Transition On Event","Right_Lever_Down1 #1","","2","0",,,,,,,,,,
"813.947","39","Input Transition Off Event","Right_Lever_Down1 #1","","2","0",,,,,,,,,,
"820.742","38","Input Transition On Event","Right_Lever_Down1 #1","","2","0",,,,,,,,,,
"821.205","39","Input Transition Off Event","Right_Lever_Down1 #1","","2","0",,,,,,,,,,
"824.503","38","Input Transition On Event","Right_Lever_Down1 #1","","2","0",,,,,,,,,,
"825.032","39","Input Transition Off Event","Right_Lever_Down1 #1","","2","0",,,,,,,,,,
"827.076","38","Input Transition On Event","Right_Lever_Down1 #1","","2","0",,,,,,,,,,
"827.539","39","Input Transition Off Event","Right_Lever_Down1 #1","","2","0",,,,,,,,,,
"829.781","38","Input Transition On Event","Right_Lever_Down1 #1","","2","0",,,,,,,,,,
"830.31","39","Input Transition Off Event","Right_Lever_Down1 #1","","2","0",,,,,,,,,,
"831.629","38","Input Transition On Event","Right_Lever_Down1 #1","","2","0",,,,,,,,,,
"832.223","39","Input Transition Off Event","Right_Lever_Down1 #1","","2","0",,,,,,,,,,
"833.542","38","Input Transition On Event","Right_Lever_Down1 #1","","2","0",,,,,,,,,,
"833.939","39","Input Transition Off Event","Right_Lever_Down1 #1","","2","0",,,,,,,,,,
"838.49","38","Input Transition On Event","Right_Lever_Down1 #1","","2","0",,,,,,,,,,
"839.019","39","Input Transition Off Event","Right_Lever_Down1 #1","","2","0",,,,,,,,,,
"840.404","38","Input Transition On Event","Right_Lever_Down1 #1","","2","0",,,,,,,,,,
"841.196","39","Input Transition Off Event","Right_Lever_Down1 #1","","2","0",,,,,,,,,,
"843.306","38","Input Transition On Event","Right_Lever_Down1 #1","","2","0",,,,,,,,,,
"843.901","39","Input Transition Off Event","Right_Lever_Down1 #1","","2","0",,,,,,,,,,
"846.737","38","Input Transition On Event","Right_Lever_Down1 #1","","2","0",,,,,,,,,,
"847.2","39","Input Transition Off Event","Right_Lever_Down1 #1","","2","0",,,,,,,,,,
"848.189","38","Input Transition On Event","Right_Lever_Down1 #1","","2","0",,,,,,,,,,
"848.189","7","Pulse Output Event","Pellet_Release #1","","2","1","Duration","0.05",,,,,,,,
"848.189","16","Variable Event","VI_Value","","2","1","Value","83",,,,,,,,
"849.047","39","Input Transition Off Event","Right_Lever_Down1 #1","","2","0",,,,,,,,,,
"854.589","38","Input Transition On Event","Right_Lever_Down1 #1","","2","0",,,,,,,,,,
"855.052","39","Input Transition Off Event","Right_Lever_Down1 #1","","2","0",,,,,,,,,,
"859.868","38","Input Transition On Event","Right_Lever_Down1 #1","","2","0",,,,,,,,,,
"860.396","39","Input Transition Off Event","Right_Lever_Down1 #1","","2","0",,,,,,,,,,
"862.309","38","Input Transition On Event","Right_Lever_Down1 #1","","2","0",,,,,,,,,,
"862.837","39","Input Transition Off Event","Right_Lever_Down1 #1","","2","0",,,,,,,,,,
"865.344","38","Input Transition On Event","Right_Lever_Down1 #1","","2","0",,,,,,,,,,
"865.806","39","Input Transition Off Event","Right_Lever_Down1 #1","","2","0",,,,,,,,,,
"867.983","38","Input Transition On Event","Right_Lever_Down1 #1","","2","0",,,,,,,,,,
"868.379","39","Input Transition Off Event","Right_Lever_Down1 #1","","2","0",,,,,,,,,,
"871.678","38","Input Transition On Event","Right_Lever_Down1 #1","","2","0",,,,,,,,,,
"872.074","39","Input Transition Off Event","Right_Lever_Down1 #1","","2","0",,,,,,,,,,
"872.799","38","Input Transition On Event","Right_Lever_Down1 #1","","2","0",,,,,,,,,,
"873.262","39","Input Transition Off Event","Right_Lever_Down1 #1","","2","0",,,,,,,,,,
"874.976","38","Input Transition On Event","Right_Lever_Down1 #1","","2","0",,,,,,,,,,
"875.571","39","Input Transition Off Event","Right_Lever_Down1 #1","","2","0",,,,,,,,,,
"877.088","38","Input Transition On Event","Right_Lever_Down1 #1","","2","0",,,,,,,,,,
"877.55","39","Input Transition Off Event","Right_Lever_Down1 #1","","2","0",,,,,,,,,,
"880.453","38","Input Transition On Event","Right_Lever_Down1 #1","","2","0",,,,,,,,,,
"881.179","39","Input Transition Off Event","Right_Lever_Down1 #1","","2","0",,,,,,,,,,
"883.026","38","Input Transition On Event","Right_Lever_Down1 #1","","2","0",,,,,,,,,,
"883.488","39","Input Transition Off Event","Right_Lever_Down1 #1","","2","0",,,,,,,,,,
"887.579","38","Input Transition On Event","Right_Lever_Down1 #1","","2","0",,,,,,,,,,
"888.107","39","Input Transition Off Event","Right_Lever_Down1 #1","","2","0",,,,,,,,,,
"889.03","38","Input Transition On Event","Right_Lever_Down1 #1","","2","0",,,,,,,,,,
"889.427","39","Input Transition Off Event","Right_Lever_Down1 #1","","2","0",,,,,,,,,,
"892.263","38","Input Transition On Event","Right_Lever_Down1 #1","","2","0",,,,,,,,,,
"892.726","39","Input Transition Off Event","Right_Lever_Down1 #1","","2","0",,,,,,,,,,
"897.409","38","Input Transition On Event","Right_Lever_Down1 #1","","2","0",,,,,,,,,,
"898.004","39","Input Transition Off Event","Right_Lever_Down1 #1","","2","0",,,,,,,,,,
"899.323","38","Input Transition On Event","Right_Lever_Down1 #1","","2","0",,,,,,,,,,
"899.785","39","Input Transition Off Event","Right_Lever_Down1 #1","","2","0",,,,,,,,,,
"901.5","38","Input Transition On Event","Right_Lever_Down1 #1","","2","0",,,,,,,,,,
"902.028","39","Input Transition Off Event","Right_Lever_Down1 #1","","2","0",,,,,,,,,,
"907.9","38","Input Transition On Event","Right_Lever_Down1 #1","","2","0",,,,,,,,,,
"908.56","39","Input Transition Off Event","Right_Lever_Down1 #1","","2","0",,,,,,,,,,
"912.254","38","Input Transition On Event","Right_Lever_Down1 #1","","2","0",,,,,,,,,,
"912.717","39","Input Transition Off Event","Right_Lever_Down1 #1","","2","0",,,,,,,,,,
"915.223","38","Input Transition On Event","Right_Lever_Down1 #1","","2","0",,,,,,,,,,
"915.686","39","Input Transition Off Event","Right_Lever_Down1 #1","","2","0",,,,,,,,,,
"919.71","38","Input Transition On Event","Right_Lever_Down1 #1","","2","0",,,,,,,,,,
"920.172","39","Input Transition Off Event","Right_Lever_Down1 #1","","2","0",,,,,,,,,,
"922.217","38","Input Transition On Event","Right_Lever_Down1 #1","","2","0",,,,,,,,,,
"922.679","39","Input Transition Off Event","Right_Lever_Down1 #1","","2","0",,,,,,,,,,
"926.176","38","Input Transition On Event","Right_Lever_Down1 #1","","2","0",,,,,,,,,,
"926.638","39","Input Transition Off Event","Right_Lever_Down1 #1","","2","0",,,,,,,,,,
"928.617","38","Input Transition On Event","Right_Lever_Down1 #1","","2","0",,,,,,,,,,
"929.145","39","Input Transition Off Event","Right_Lever_Down1 #1","","2","0",,,,,,,,,,
"930.002","38","Input Transition On Event","Right_Lever_Down1 #1","","2","0",,,,,,,,,,
"930.333","39","Input Transition Off Event","Right_Lever_Down1 #1","","2","0",,,,,,,,,,
"935.149","38","Input Transition On Event","Right_Lever_Down1 #1","","2","0",,,,,,,,,,
"935.149","7","Pulse Output Event","Pellet_Release #1","","2","1","Duration","0.05",,,,,,,,
"935.149","16","Variable Event","VI_Value","","2","1","Value","63",,,,,,,,
"935.546","39","Input Transition Off Event","Right_Lever_Down1 #1","","2","0",,,,,,,,,,
"944.057","38","Input Transition On Event","Right_Lever_Down1 #1","","2","0",,,,,,,,,,
"944.651","39","Input Transition Off Event","Right_Lever_Down1 #1","","2","0",,,,,,,,,,
"947.686","38","Input Transition On Event","Right_Lever_Down1 #1","","2","0",,,,,,,,,,
"948.148","39","Input Transition Off Event","Right_Lever_Down1 #1","","2","0",,,,,,,,,,
"950.853","38","Input Transition On Event","Right_Lever_Down1 #1","","2","0",,,,,,,,,,
"951.381","39","Input Transition Off Event","Right_Lever_Down1 #1","","2","0",,,,,,,,,,
"961.608","38","Input Transition On Event","Right_Lever_Down1 #1","","2","0",,,,,,,,,,
"962.269","39","Input Transition Off Event","Right_Lever_Down1 #1","","2","0",,,,,,,,,,
"963.587","38","Input Transition On Event","Right_Lever_Down1 #1","","2","0",,,,,,,,,,
"964.116","39","Input Transition Off Event","Right_Lever_Down1 #1","","2","0",,,,,,,,,,
"967.216","38","Input Transition On Event","Right_Lever_Down1 #1","","2","0",,,,,,,,,,
"967.679","39","Input Transition Off Event","Right_Lever_Down1 #1","","2","0",,,,,,,,,,
"970.119","38","Input Transition On Event","Right_Lever_Down1 #1","","2","0",,,,,,,,,,
"970.516","39","Input Transition Off Event","Right_Lever_Down1 #1","","2","0",,,,,,,,,,
"972.494","38","Input Transition On Event","Right_Lever_Down1 #1","","2","0",,,,,,,,,,
"973.01","39","Input Transition Off Event","Right_Lever_Down1 #1","","2","0",,,,,,,,,,
"984.24","38","Input Transition On Event","Right_Lever_Down1 #1","","2","0",,,,,,,,,,
"984.9","39","Input Transition Off Event","Right_Lever_Down1 #1","","2","0",,,,,,,,,,
"986.812","38","Input Transition On Event","Right_Lever_Down1 #1","","2","0",,,,,,,,,,
"987.407","39","Input Transition Off Event","Right_Lever_Down1 #1","","2","0",,,,,,,,,,
"989.187","38","Input Transition On Event","Right_Lever_Down1 #1","","2","0",,,,,,,,,,
"989.716","39","Input Transition Off Event","Right_Lever_Down1 #1","","2","0",,,,,,,,,,
"1009.312","38","Input Transition On Event","Right_Lever_Down1 #1","","2","0",,,,,,,,,,
"1009.312","7","Pulse Output Event","Pellet_Release #1","","2","1","Duration","0.05",,,,,,,,
"1009.312","16","Variable Event","VI_Value","","2","1","Value","90",,,,,,,,
"1009.511","39","Input Transition Off Event","Right_Lever_Down1 #1","","2","0",,,,,,,,,,
"1013.073","38","Input Transition On Event","Right_Lever_Down1 #1","","2","0",,,,,,,,,,
"1013.865","39","Input Transition Off Event","Right_Lever_Down1 #1","","2","0",,,,,,,,,,
"1020.008","1","Condition Event","Tone CS","","2","0",,,,,,,,,,
"1050.008","1","Condition Event","Tone off_Hab","","2","0",,,,,,,,,,
"1050.008","16","Variable Event","ITI_Value","","2","1","Value","207",,,,,,,,
"1096.873","38","Input Transition On Event","Right_Lever_Down1 #1","","2","0",,,,,,,,,,
"1097.467","39","Input Transition Off Event","Right_Lever_Down1 #1","","2","0",,,,,,,,,,
"1100.567","38","Input Transition On Event","Right_Lever_Down1 #1","","2","0",,,,,,,,,,
"1100.567","7","Pulse Output Event","Pellet_Release #1","","2","1","Duration","0.05",,,,,,,,
"1100.567","16","Variable Event","VI_Value","","2","1","Value","59",,,,,,,,
"1100.898","39","Input Transition Off Event","Right_Lever_Down1 #1","","2","0",,,,,,,,,,
"1106.836","38","Input Transition On Event","Right_Lever_Down1 #1","","2","0",,,,,,,,,,
"1107.43","39","Input Transition Off Event","Right_Lever_Down1 #1","","2","0",,,,,,,,,,
"1113.896","38","Input Transition On Event","Right_Lever_Down1 #1","","2","0",,,,,,,,,,
"1114.425","39","Input Transition Off Event","Right_Lever_Down1 #1","","2","0",,,,,,,,,,
"1115.875","38","Input Transition On Event","Right_Lever_Down1 #1","","2","0",,,,,,,,,,
"1116.404","39","Input Transition Off Event","Right_Lever_Down1 #1","","2","0",,,,,,,,,,
"1119.175","38","Input Transition On Event","Right_Lever_Down1 #1","","2","0",,,,,,,,,,
"1119.571","39","Input Transition Off Event","Right_Lever_Down1 #1","","2","0",,,,,,,,,,
"1126.302","38","Input Transition On Event","Right_Lever_Down1 #1","","2","0",,,,,,,,,,
"1126.896","39","Input Transition Off Event","Right_Lever_Down1 #1","","2","0",,,,,,,,,,
"1128.281","38","Input Transition On Event","Right_Lever_Down1 #1","","2","0",,,,,,,,,,
"1128.678","39","Input Transition Off Event","Right_Lever_Down1 #1","","2","0",,,,,,,,,,
"1130.788","38","Input Transition On Event","Right_Lever_Down1 #1","","2","0",,,,,,,,,,
"1131.185","39","Input Transition Off Event","Right_Lever_Down1 #1","","2","0",,,,,,,,,,
"1135.539","38","Input Transition On Event","Right_Lever_Down1 #1","","2","0",,,,,,,,,,
"1136.068","39","Input Transition Off Event","Right_Lever_Down1 #1","","2","0",,,,,,,,,,
"1137.584","38","Input Transition On Event","Right_Lever_Down1 #1","","2","0",,,,,,,,,,
"1138.047","39","Input Transition Off Event","Right_Lever_Down1 #1","","2","0",,,,,,,,,,
"1139.3","38","Input Transition On Event","Right_Lever_Down1 #1","","2","0",,,,,,,,,,
"1139.96","39","Input Transition Off Event","Right_Lever_Down1 #1","","2","0",,,,,,,,,,
"1142.137","38","Input Transition On Event","Right_Lever_Down1 #1","","2","0",,,,,,,,,,
"1142.534","39","Input Transition Off Event","Right_Lever_Down1 #1","","2","0",,,,,,,,,,
"1144.446","38","Input Transition On Event","Right_Lever_Down1 #1","","2","0",,,,,,,,,,
"1144.843","39","Input Transition Off Event","Right_Lever_Down1 #1","","2","0",,,,,,,,,,
"1146.887","38","Input Transition On Event","Right_Lever_Down1 #1","","2","0",,,,,,,,,,
"1147.35","39","Input Transition Off Event","Right_Lever_Down1 #1","","2","0",,,,,,,,,,
"1148.867","38","Input Transition On Event","Right_Lever_Down1 #1","","2","0",,,,,,,,,,
"1149.33","39","Input Transition Off Event","Right_Lever_Down1 #1","","2","0",,,,,,,,,,
"1150.516","38","Input Transition On Event","Right_Lever_Down1 #1","","2","0",,,,,,,,,,
"1150.913","39","Input Transition Off Event","Right_Lever_Down1 #1","","2","0",,,,,,,,,,
"1152.892","38","Input Transition On Event","Right_Lever_Down1 #1","","2","0",,,,,,,,,,
"1153.486","39","Input Transition Off Event","Right_Lever_Down1 #1","","2","0",,,,,,,,,,
"1154.607","38","Input Transition On Event","Right_Lever_Down1 #1","","2","0",,,,,,,,,,
"1154.872","39","Input Transition Off Event","Right_Lever_Down1 #1","","2","0",,,,,,,,,,
"1158.698","38","Input Transition On Event","Right_Lever_Down1 #1","","2","0",,,,,,,,,,
"1159.161","39","Input Transition Off Event","Right_Lever_Down1 #1","","2","0",,,,,,,,,,
"1165.033","38","Input Transition On Event","Right_Lever_Down1 #1","","2","0",,,,,,,,,,
"1165.033","7","Pulse Output Event","Pellet_Release #1","","2","1","Duration","0.05",,,,,,,,
"1165.033","16","Variable Event","VI_Value","","2","1","Value","30",,,,,,,,
"1165.298","39","Input Transition Off Event","Right_Lever_Down1 #1","","2","0",,,,,,,,,,
"1170.246","38","Input Transition On Event","Right_Lever_Down1 #1","","2","0",,,,,,,,,,
"1170.511","39","Input Transition Off Event","Right_Lever_Down1 #1","","2","0",,,,,,,,,,
"1171.5","38","Input Transition On Event","Right_Lever_Down1 #1","","2","0",,,,,,,,,,
"1171.764","39","Input Transition Off Event","Right_Lever_Down1 #1","","2","0",,,,,,,,,,
"1175.591","38","Input Transition On Event","Right_Lever_Down1 #1","","2","0",,,,,,,,,,
"1176.119","39","Input Transition Off Event","Right_Lever_Down1 #1","","2","0",,,,,,,,,,
"1178.758","38","Input Transition On Event","Right_Lever_Down1 #1","","2","0",,,,,,,,,,
"1179.352","39","Input Transition Off Event","Right_Lever_Down1 #1","","2","0",,,,,,,,,,
"1181.859","38","Input Transition On Event","Right_Lever_Down1 #1","","2","0",,,,,,,,,,
"1182.189","39","Input Transition Off Event","Right_Lever_Down1 #1","","2","0",,,,,,,,,,
"1183.772","38","Input Transition On Event","Right_Lever_Down1 #1","","2","0",,,,,,,,,,
"1184.103","39","Input Transition Off Event","Right_Lever_Down1 #1","","2","0",,,,,,,,,,
"1187.005","38","Input Transition On Event","Right_Lever_Down1 #1","","2","0",,,,,,,,,,
"1187.468","39","Input Transition Off Event","Right_Lever_Down1 #1","","2","0",,,,,,,,,,
"1188.852","38","Input Transition On Event","Right_Lever_Down1 #1","","2","0",,,,,,,,,,
"1189.183","39","Input Transition Off Event","Right_Lever_Down1 #1","","2","0",,,,,,,,,,
"1191.294","38","Input Transition On Event","Right_Lever_Down1 #1","","2","0",,,,,,,,,,
"1191.822","39","Input Transition Off Event","Right_Lever_Down1 #1","","2","0",,,,,,,,,,
"1195.847","38","Input Transition On Event","Right_Lever_Down1 #1","","2","0",,,,,,,,,,
"1195.847","7","Pulse Output Event","Pellet_Release #1","","2","1","Duration","0.05",,,,,,,,
"1195.847","16","Variable Event","VI_Value","","2","1","Value","36",,,,,,,,
"1196.309","39","Input Transition Off Event","Right_Lever_Down1 #1","","2","0",,,,,,,,,,
"1199.674","38","Input Transition On Event","Right_Lever_Down1 #1","","2","0",,,,,,,,,,
"1200.123","39","Input Transition Off Event","Right_Lever_Down1 #1","","2","0",,,,,,,,,,
"1202.181","38","Input Transition On Event","Right_Lever_Down1 #1","","2","0",,,,,,,,,,
"1202.578","39","Input Transition Off Event","Right_Lever_Down1 #1","","2","0",,,,,,,,,,
"1206.47","38","Input Transition On Event","Right_Lever_Down1 #1","","2","0",,,,,,,,,,
"1206.999","39","Input Transition Off Event","Right_Lever_Down1 #1","","2","0",,,,,,,,,,
"1209.571","38","Input Transition On Event","Right_Lever_Down1 #1","","2","0",,,,,,,,,,
"1210.1","39","Input Transition Off Event","Right_Lever_Down1 #1","","2","0",,,,,,,,,,
"1212.804","38","Input Transition On Event","Right_Lever_Down1 #1","","2","0",,,,,,,,,,
"1213.135","39","Input Transition Off Event","Right_Lever_Down1 #1","","2","0",,,,,,,,,,
"1214.255","38","Input Transition On Event","Right_Lever_Down1 #1","","2","0",,,,,,,,,,
"1214.52","39","Input Transition Off Event","Right_Lever_Down1 #1","","2","0",,,,,,,,,,
"1216.763","38","Input Transition On Event","Right_Lever_Down1 #1","","2","0",,,,,,,,,,
"1217.423","39","Input Transition Off Event","Right_Lever_Down1 #1","","2","0",,,,,,,,,,
"1220.127","38","Input Transition On Event","Right_Lever_Down1 #1","","2","0",,,,,,,,,,
"1220.788","39","Input Transition Off Event","Right_Lever_Down1 #1","","2","0",,,,,,,,,,
"1222.437","38","Input Transition On Event","Right_Lever_Down1 #1","","2","0",,,,,,,,,,
"1222.767","39","Input Transition Off Event","Right_Lever_Down1 #1","","2","0",,,,,,,,,,
"1225.01","38","Input Transition On Event","Right_Lever_Down1 #1","","2","0",,,,,,,,,,
"1225.407","39","Input Transition Off Event","Right_Lever_Down1 #1","","2","0",,,,,,,,,,
"1229.959","38","Input Transition On Event","Right_Lever_Down1 #1","","2","0",,,,,,,,,,
"1230.422","39","Input Transition Off Event","Right_Lever_Down1 #1","","2","0",,,,,,,,,,
"1231.542","38","Input Transition On Event","Right_Lever_Down1 #1","","2","0",,,,,,,,,,
"1232.335","39","Input Transition Off Event","Right_Lever_Down1 #1","","2","0",,,,,,,,,,
"1236.359","38","Input Transition On Event","Right_Lever_Down1 #1","","2","0",,,,,,,,,,
"1236.359","7","Pulse Output Event","Pellet_Release #1","","2","1","Duration","0.05",,,,,,,,
"1236.359","16","Variable Event","VI_Value","","2","1","Value","42",,,,,,,,
"1236.69","39","Input Transition Off Event","Right_Lever_Down1 #1","","2","0",,,,,,,,,,
"1241.044","38","Input Transition On Event","Right_Lever_Down1 #1","","2","0",,,,,,,,,,
"1241.375","39","Input Transition Off Event","Right_Lever_Down1 #1","","2","0",,,,,,,,,,
"1247.643","38","Input Transition On Event","Right_Lever_Down1 #1","","2","0",,,,,,,,,,
"1248.303","39","Input Transition Off Event","Right_Lever_Down1 #1","","2","0",,,,,,,,,,
"1257.008","1","Condition Event","Tone CS","","2","0",,,,,,,,,,
"1287.008","1","Condition Event","Tone off_ Con","","2","0",,,,,,,,,,
"1287.008","16","Variable Event","ITI_Value","","2","1","Value","180",,,,,,,,
"1303.731","38","Input Transition On Event","Right_Lever_Down1 #1","","2","0",,,,,,,,,,
"1303.731","7","Pulse Output Event","Pellet_Release #1","","2","1","Duration","0.05",,,,,,,,
"1303.731","16","Variable Event","VI_Value","","2","1","Value","65",,,,,,,,
"1303.864","39","Input Transition Off Event","Right_Lever_Down1 #1","","2","0",,,,,,,,,,
"1308.746","38","Input Transition On Event","Right_Lever_Down1 #1","","2","0",,,,,,,,,,
"1309.077","39","Input Transition Off Event","Right_Lever_Down1 #1","","2","0",,,,,,,,,,
"1322.47","38","Input Transition On Event","Right_Lever_Down1 #1","","2","0",,,,,,,,,,
"1322.735","39","Input Transition Off Event","Right_Lever_Down1 #1","","2","0",,,,,,,,,,
"1325.769","38","Input Transition On Event","Right_Lever_Down1 #1","","2","0",,,,,,,,,,
"1325.968","39","Input Transition Off Event","Right_Lever_Down1 #1","","2","0",,,,,,,,,,
"1326.429","38","Input Transition On Event","Right_Lever_Down1 #1","","2","0",,,,,,,,,,
"1326.891","39","Input Transition Off Event","Right_Lever_Down1 #1","","2","0",,,,,,,,,,
"1328.936","38","Input Transition On Event","Right_Lever_Down1 #1","","2","0",,,,,,,,,,
"1329.332","39","Input Transition Off Event","Right_Lever_Down1 #1","","2","0",,,,,,,,,,
"1331.97","38","Input Transition On Event","Right_Lever_Down1 #1","","2","0",,,,,,,,,,
"1332.367","39","Input Transition Off Event","Right_Lever_Down1 #1","","2","0",,,,,,,,,,
"1350.378","38","Input Transition On Event","Right_Lever_Down1 #1","","2","0",,,,,,,,,,
"1350.643","39","Input Transition Off Event","Right_Lever_Down1 #1","","2","0",,,,,,,,,,
"1362.783","38","Input Transition On Event","Right_Lever_Down1 #1","","2","0",,,,,,,,,,
"1363.245","39","Input Transition Off Event","Right_Lever_Down1 #1","","2","0",,,,,,,,,,
"1364.959","38","Input Transition On Event","Right_Lever_Down1 #1","","2","0",,,,,,,,,,
"1365.356","39","Input Transition Off Event","Right_Lever_Down1 #1","","2","0",,,,,,,,,,
"1367.796","38","Input Transition On Event","Right_Lever_Down1 #1","","2","0",,,,,,,,,,
"1368.391","39","Input Transition Off Event","Right_Lever_Down1 #1","","2","0",,,,,,,,,,
"1370.633","38","Input Transition On Event","Right_Lever_Down1 #1","","2","0",,,,,,,,,,
"1370.633","7","Pulse Output Event","Pellet_Release #1","","2","1","Duration","0.05",,,,,,,,
"1370.633","16","Variable Event","VI_Value","","2","1","Value","63",,,,,,,,
"1370.964","39","Input Transition Off Event","Right_Lever_Down1 #1","","2","0",,,,,,,,,,
"1381.453","38","Input Transition On Event","Right_Lever_Down1 #1","","2","0",,,,,,,,,,
"1382.048","39","Input Transition Off Event","Right_Lever_Down1 #1","","2","0",,,,,,,,,,
"1383.894","38","Input Transition On Event","Right_Lever_Down1 #1","","2","0",,,,,,,,,,
"1384.555","39","Input Transition Off Event","Right_Lever_Down1 #1","","2","0",,,,,,,,,,
"1386.533","38","Input Transition On Event","Right_Lever_Down1 #1","","2","0",,,,,,,,,,
"1386.93","39","Input Transition Off Event","Right_Lever_Down1 #1","","2","0",,,,,,,,,,
"1388.908","38","Input Transition On Event","Right_Lever_Down1 #1","","2","0",,,,,,,,,,
"1389.503","39","Input Transition Off Event","Right_Lever_Down1 #1","","2","0",,,,,,,,,,
"1392.141","38","Input Transition On Event","Right_Lever_Down1 #1","","2","0",,,,,,,,,,
"1392.603","39","Input Transition Off Event","Right_Lever_Down1 #1","","2","0",,,,,,,,,,
"1394.713","38","Input Transition On Event","Right_Lever_Down1 #1","","2","0",,,,,,,,,,
"1395.11","39","Input Transition Off Event","Right_Lever_Down1 #1","","2","0",,,,,,,,,,
"1397.682","38","Input Transition On Event","Right_Lever_Down1 #1","","2","0",,,,,,,,,,
"1398.079","39","Input Transition Off Event","Right_Lever_Down1 #1","","2","0",,,,,,,,,,
"1400.453","38","Input Transition On Event","Right_Lever_Down1 #1","","2","0",,,,,,,,,,
"1400.982","39","Input Transition Off Event","Right_Lever_Down1 #1","","2","0",,,,,,,,,,
"1402.63","38","Input Transition On Event","Right_Lever_Down1 #1","","2","0",,,,,,,,,,
"1403.027","39","Input Transition Off Event","Right_Lever_Down1 #1","","2","0",,,,,,,,,,
"1404.543","38","Input Transition On Event","Right_Lever_Down1 #1","","2","0",,,,,,,,,,
"1404.942","39","Input Transition Off Event","Right_Lever_Down1 #1","","2","0",,,,,,,,,,
"1407.182","38","Input Transition On Event","Right_Lever_Down1 #1","","2","0",,,,,,,,,,
"1407.777","39","Input Transition Off Event","Right_Lever_Down1 #1","","2","0",,,,,,,,,,
"1412.526","38","Input Transition On Event","Right_Lever_Down1 #1","","2","0",,,,,,,,,,
"1413.055","39","Input Transition Off Event","Right_Lever_Down1 #1","","2","0",,,,,,,,,,
"1415.033","38","Input Transition On Event","Right_Lever_Down1 #1","","2","0",,,,,,,,,,
"1415.43","39","Input Transition Off Event","Right_Lever_Down1 #1","","2","0",,,,,,,,,,
"1417.672","38","Input Transition On Event","Right_Lever_Down1 #1","","2","0",,,,,,,,,,
"1418.464","39","Input Transition Off Event","Right_Lever_Down1 #1","","2","0",,,,,,,,,,
"1420.509","38","Input Transition On Event","Right_Lever_Down1 #1","","2","0",,,,,,,,,,
"1420.971","39","Input Transition Off Event","Right_Lever_Down1 #1","","2","0",,,,,,,,,,
"1422.224","38","Input Transition On Event","Right_Lever_Down1 #1","","2","0",,,,,,,,,,
"1422.884","39","Input Transition Off Event","Right_Lever_Down1 #1","","2","0",,,,,,,,,,
"1425.984","38","Input Transition On Event","Right_Lever_Down1 #1","","2","0",,,,,,,,,,
"1426.513","39","Input Transition Off Event","Right_Lever_Down1 #1","","2","0",,,,,,,,,,
"1428.755","38","Input Transition On Event","Right_Lever_Down1 #1","","2","0",,,,,,,,,,
"1429.086","39","Input Transition Off Event","Right_Lever_Down1 #1","","2","0",,,,,,,,,,
"1430.668","38","Input Transition On Event","Right_Lever_Down1 #1","","2","0",,,,,,,,,,
"1431.065","39","Input Transition Off Event","Right_Lever_Down1 #1","","2","0",,,,,,,,,,
"1437.53","38","Input Transition On Event","Right_Lever_Down1 #1","","2","0",,,,,,,,,,
"1437.53","7","Pulse Output Event","Pellet_Release #1","","2","1","Duration","0.05",,,,,,,,
"1437.53","16","Variable Event","VI_Value","","2","1","Value","89",,,,,,,,
"1437.794","39","Input Transition Off Event","Right_Lever_Down1 #1","","2","0",,,,,,,,,,
"1440.828","38","Input Transition On Event","Right_Lever_Down1 #1","","2","0",,,,,,,,,,
"1441.159","39","Input Transition Off Event","Right_Lever_Down1 #1","","2","0",,,,,,,,,,
"1446.04","38","Input Transition On Event","Right_Lever_Down1 #1","","2","0",,,,,,,,,,
"1446.503","39","Input Transition Off Event","Right_Lever_Down1 #1","","2","0",,,,,,,,,,
"1448.349","38","Input Transition On Event","Right_Lever_Down1 #1","","2","0",,,,,,,,,,
"1448.746","39","Input Transition Off Event","Right_Lever_Down1 #1","","2","0",,,,,,,,,,
"1453.693","38","Input Transition On Event","Right_Lever_Down1 #1","","2","0",,,,,,,,,,
"1454.024","39","Input Transition Off Event","Right_Lever_Down1 #1","","2","0",,,,,,,,,,
"1455.672","38","Input Transition On Event","Right_Lever_Down1 #1","","2","0",,,,,,,,,,
"1456.069","39","Input Transition Off Event","Right_Lever_Down1 #1","","2","0",,,,,,,,,,
"1459.367","38","Input Transition On Event","Right_Lever_Down1 #1","","2","0",,,,,,,,,,
"1459.697","39","Input Transition Off Event","Right_Lever_Down1 #1","","2","0",,,,,,,,,,
"1462.072","38","Input Transition On Event","Right_Lever_Down1 #1","","2","0",,,,,,,,,,
"1462.402","39","Input Transition Off Event","Right_Lever_Down1 #1","","2","0",,,,,,,,,,
"1463.985","38","Input Transition On Event","Right_Lever_Down1 #1","","2","0",,,,,,,,,,
"1464.447","39","Input Transition Off Event","Right_Lever_Down1 #1","","2","0",,,,,,,,,,
"1467.008","1","Condition Event","Tone CS","","2","0",,,,,,,,,,
"1467.019","38","Input Transition On Event","Right_Lever_Down1 #1","","2","0",,,,,,,,,,
"1467.548","39","Input Transition Off Event","Right_Lever_Down1 #1","","2","0",,,,,,,,,,
"1469.394","38","Input Transition On Event","Right_Lever_Down1 #1","","2","0",,,,,,,,,,
"1469.857","39","Input Transition Off Event","Right_Lever_Down1 #1","","2","0",,,,,,,,,,
"1471.307","38","Input Transition On Event","Right_Lever_Down1 #1","","2","0",,,,,,,,,,
"1471.77","39","Input Transition Off Event","Right_Lever_Down1 #1","","2","0",,,,,,,,,,
"1474.276","38","Input Transition On Event","Right_Lever_Down1 #1","","2","0",,,,,,,,,,
"1474.87","39","Input Transition Off Event","Right_Lever_Down1 #1","","2","0",,,,,,,,,,
"1476.98","38","Input Transition On Event","Right_Lever_Down1 #1","","2","0",,,,,,,,,,
"1477.311","39","Input Transition Off Event","Right_Lever_Down1 #1","","2","0",,,,,,,,,,
"1485.623","38","Input Transition On Event","Right_Lever_Down1 #1","","2","0",,,,,,,,,,
"1486.218","39","Input Transition Off Event","Right_Lever_Down1 #1","","2","0",,,,,,,,,,
"1487.8","38","Input Transition On Event","Right_Lever_Down1 #1","","2","0",,,,,,,,,,
"1488.197","39","Input Transition Off Event","Right_Lever_Down1 #1","","2","0",,,,,,,,,,
"1491.231","38","Input Transition On Event","Right_Lever_Down1 #1","","2","0",,,,,,,,,,
"1491.693","39","Input Transition Off Event","Right_Lever_Down1 #1","","2","0",,,,,,,,,,
"1493.276","38","Input Transition On Event","Right_Lever_Down1 #1","","2","0",,,,,,,,,,
"1493.606","39","Input Transition Off Event","Right_Lever_Down1 #1","","2","0",,,,,,,,,,
"1495.321","38","Input Transition On Event","Right_Lever_Down1 #1","","2","0",,,,,,,,,,
"1495.717","39","Input Transition Off Event","Right_Lever_Down1 #1","","2","0",,,,,,,,,,
"1497.008","1","Condition Event","Tone off_ Con","","2","0",,,,,,,,,,
"1497.008","16","Variable Event","ITI_Value","","2","1","Value","139",,,,,,,,
"1497.102","38","Input Transition On Event","Right_Lever_Down1 #1","","2","0",,,,,,,,,,
"1497.169","39","Input Transition Off Event","Right_Lever_Down1 #1","","2","0",,,,,,,,,,
"1509.11","38","Input Transition On Event","Right_Lever_Down1 #1","","2","0",,,,,,,,,,
"1509.771","39","Input Transition Off Event","Right_Lever_Down1 #1","","2","0",,,,,,,,,,
"1511.419","38","Input Transition On Event","Right_Lever_Down1 #1","","2","0",,,,,,,,,,
"1511.882","39","Input Transition Off Event","Right_Lever_Down1 #1","","2","0",,,,,,,,,,
"1513.662","38","Input Transition On Event","Right_Lever_Down1 #1","","2","0",,,,,,,,,,
"1514.125","39","Input Transition Off Event","Right_Lever_Down1 #1","","2","0",,,,,,,,,,
"1516.433","38","Input Transition On Event","Right_Lever_Down1 #1","","2","0",,,,,,,,,,
"1516.895","39","Input Transition Off Event","Right_Lever_Down1 #1","","2","0",,,,,,,,,,
"1519.666","38","Input Transition On Event","Right_Lever_Down1 #1","","2","0",,,,,,,,,,
"1520.062","39","Input Transition Off Event","Right_Lever_Down1 #1","","2","0",,,,,,,,,,
"1527.649","38","Input Transition On Event","Right_Lever_Down1 #1","","2","0",,,,,,,,,,
"1527.649","7","Pulse Output Event","Pellet_Release #1","","2","1","Duration","0.05",,,,,,,,
"1527.649","16","Variable Event","VI_Value","","2","1","Value","64",,,,,,,,
"1528.111","39","Input Transition Off Event","Right_Lever_Down1 #1","","2","0",,,,,,,,,,
"1530.287","38","Input Transition On Event","Right_Lever_Down1 #1","","2","0",,,,,,,,,,
"1530.75","39","Input Transition Off Event","Right_Lever_Down1 #1","","2","0",,,,,,,,,,
"1534.576","38","Input Transition On Event","Right_Lever_Down1 #1","","2","0",,,,,,,,,,
"1534.841","39","Input Transition Off Event","Right_Lever_Down1 #1","","2","0",,,,,,,,,,
"1538.403","38","Input Transition On Event","Right_Lever_Down1 #1","","2","0",,,,,,,,,,
"1538.931","39","Input Transition Off Event","Right_Lever_Down1 #1","","2","0",,,,,,,,,,
"1543.681","38","Input Transition On Event","Right_Lever_Down1 #1","","2","0",,,,,,,,,,
"1544.209","39","Input Transition Off Event","Right_Lever_Down1 #1","","2","0",,,,,,,,,,
"1546.451","38","Input Transition On Event","Right_Lever_Down1 #1","","2","0",,,,,,,,,,
"1546.848","39","Input Transition Off Event","Right_Lever_Down1 #1","","2","0",,,,,,,,,,
"1550.674","38","Input Transition On Event","Right_Lever_Down1 #1","","2","0",,,,,,,,,,
"1551.137","39","Input Transition Off Event","Right_Lever_Down1 #1","","2","0",,,,,,,,,,
"1555.49","38","Input Transition On Event","Right_Lever_Down1 #1","","2","0",,,,,,,,,,
"1556.019","39","Input Transition Off Event","Right_Lever_Down1 #1","","2","0",,,,,,,,,,
"1564.068","38","Input Transition On Event","Right_Lever_Down1 #1","","2","0",,,,,,,,,,
"1564.53","39","Input Transition Off Event","Right_Lever_Down1 #1","","2","0",,,,,,,,,,
"1570.204","38","Input Transition On Event","Right_Lever_Down1 #1","","2","0",,,,,,,,,,
"1570.732","39","Input Transition Off Event","Right_Lever_Down1 #1","","2","0",,,,,,,,,,
"1575.548","38","Input Transition On Event","Right_Lever_Down1 #1","","2","0",,,,,,,,,,
"1576.142","39","Input Transition Off Event","Right_Lever_Down1 #1","","2","0",,,,,,,,,,
"1577.857","38","Input Transition On Event","Right_Lever_Down1 #1","","2","0",,,,,,,,,,
"1578.319","39","Input Transition Off Event","Right_Lever_Down1 #1","","2","0",,,,,,,,,,
"1584.256","38","Input Transition On Event","Right_Lever_Down1 #1","","2","0",,,,,,,,,,
"1584.784","39","Input Transition Off Event","Right_Lever_Down1 #1","","2","0",,,,,,,,,,
"1588.874","38","Input Transition On Event","Right_Lever_Down1 #1","","2","0",,,,,,,,,,
"1589.336","39","Input Transition Off Event","Right_Lever_Down1 #1","","2","0",,,,,,,,,,
"1592.832","38","Input Transition On Event","Right_Lever_Down1 #1","","2","0",,,,,,,,,,
"1592.832","7","Pulse Output Event","Pellet_Release #1","","2","1","Duration","0.05",,,,,,,,
"1592.832","16","Variable Event","VI_Value","","2","1","Value","98",,,,,,,,
"1593.097","39","Input Transition Off Event","Right_Lever_Down1 #1","","2","0",,,,,,,,,,
"1597.78","38","Input Transition On Event","Right_Lever_Down1 #1","","2","0",,,,,,,,,,
"1598.111","39","Input Transition Off Event","Right_Lever_Down1 #1","","2","0",,,,,,,,,,
"1598.308","38","Input Transition On Event","Right_Lever_Down1 #1","","2","0",,,,,,,,,,
"1599.034","39","Input Transition Off Event","Right_Lever_Down1 #1","","2","0",,,,,,,,,,
"1600.55","38","Input Transition On Event","Right_Lever_Down1 #1","","2","0",,,,,,,,,,
"1600.881","39","Input Transition Off Event","Right_Lever_Down1 #1","","2","0",,,,,,,,,,
"1609.457","38","Input Transition On Event","Right_Lever_Down1 #1","","2","0",,,,,,,,,,
"1609.92","39","Input Transition Off Event","Right_Lever_Down1 #1","","2","0",,,,,,,,,,
"1610.051","38","Input Transition On Event","Right_Lever_Down1 #1","","2","0",,,,,,,,,,
"1610.777","39","Input Transition Off Event","Right_Lever_Down1 #1","","2","0",,,,,,,,,,
"1612.227","38","Input Transition On Event","Right_Lever_Down1 #1","","2","0",,,,,,,,,,
"1612.624","39","Input Transition Off Event","Right_Lever_Down1 #1","","2","0",,,,,,,,,,
"1614.866","38","Input Transition On Event","Right_Lever_Down1 #1","","2","0",,,,,,,,,,
"1615.329","39","Input Transition Off Event","Right_Lever_Down1 #1","","2","0",,,,,,,,,,
"1622.718","38","Input Transition On Event","Right_Lever_Down1 #1","","2","0",,,,,,,,,,
"1623.114","39","Input Transition Off Event","Right_Lever_Down1 #1","","2","0",,,,,,,,,,
"1626.676","38","Input Transition On Event","Right_Lever_Down1 #1","","2","0",,,,,,,,,,
"1626.941","39","Input Transition Off Event","Right_Lever_Down1 #1","","2","0",,,,,,,,,,
"1627.204","38","Input Transition On Event","Right_Lever_Down1 #1","","2","0",,,,,,,,,,
"1627.403","39","Input Transition Off Event","Right_Lever_Down1 #1","","2","0",,,,,,,,,,
"1629.777","38","Input Transition On Event","Right_Lever_Down1 #1","","2","0",,,,,,,,,,
"1630.305","39","Input Transition Off Event","Right_Lever_Down1 #1","","2","0",,,,,,,,,,
"1632.284","38","Input Transition On Event","Right_Lever_Down1 #1","","2","0",,,,,,,,,,
"1632.746","39","Input Transition Off Event","Right_Lever_Down1 #1","","2","0",,,,,,,,,,
"1636.008","1","Condition Event","Tone CS","","2","0",,,,,,,,,,
"1666.008","1","Condition Event","Tone off_ Con","","2","0",,,,,,,,,,
"1666.008","16","Variable Event","ITI_Value","","2","1","Value","182",,,,,,,,
"1684.801","38","Input Transition On Event","Right_Lever_Down1 #1","","2","0",,,,,,,,,,
"1685.725","39","Input Transition Off Event","Right_Lever_Down1 #1","","2","0",,,,,,,,,,
"1848.008","1","Condition Event","Tone CS","","2","0",,,,,,,,,,
"1878.008","1","Condition Event","Tone off_ Con","","2","0",,,,,,,,,,
"1878.008","16","Variable Event","ITI_Value","","2","1","Value","261",,,,,,,,
"2139.008","1","Condition Event","Tone CS","","2","0",,,,,,,,,,
"2169.008","1","Condition Event","Tone off_ Con","","2","0",,,,,,,,,,
"2169.008","16","Variable Event","ITI_Value","","2","1","Value","71",,,,,,,,
"2240.008","1","Condition Event","Tone CS","","2","0",,,,,,,,,,
"2270.008","1","Condition Event","Tone off_ Con","","2","0",,,,,,,,,,
"2270.008","16","Variable Event","ITI_Value","","2","1","Value","220",,,,,,,,
"2490.008","1","Condition Event","Tone CS","","2","0",,,,,,,,,,
"2520.008","1","Condition Event","Tone off_ Con","","2","0",,,,,,,,,,
"2520.008","16","Variable Event","ITI_Value","","2","1","Value","221",,,,,,,,
